{"cameraMode":{"drawMode":0,"name":"Shaded","section":"Shading Mode"},"sceneLighting":true,"audioPlay":false,"sceneViewState":{"m_AlwaysRefresh":false,"showFog":true,"showSkybox":true,"showFlares":true,"showImageEffects":true,"showParticleSystems":true,"showVisualEffectGraphs":true,"m_FxEnabled":true},"in2DMode":false,"pivot":{"x":0.7084560394287109,"y":1.1947879791259766,"z":-0.5313957929611206},"rotation":{"x":0.0881987139582634,"y":-0.7897740602493286,"z":0.11694003641605377,"w":0.5956606864929199},"size":5.639455318450928,"orthographic":true}