{"cameraMode":{"drawMode":0,"name":"Shaded","section":"Shading Mode"},"sceneLighting":true,"audioPlay":false,"sceneViewState":{"m_AlwaysRefresh":false,"showFog":true,"showSkybox":true,"showFlares":true,"showImageEffects":true,"showParticleSystems":true,"showVisualEffectGraphs":true,"m_FxEnabled":true},"in2DMode":false,"pivot":{"x":0.21280169486999513,"y":3.8092193603515627,"z":0.5932880640029907},"rotation":{"x":0.04272947460412979,"y":-0.7003211379051209,"z":0.04207133874297142,"w":0.7113286852836609},"size":6.614916801452637,"orthographic":true}