{"cameraMode":{"drawMode":0,"name":"Shaded","section":"Shading Mode"},"sceneLighting":true,"audioPlay":false,"sceneViewState":{"m_AlwaysRefresh":false,"showFog":true,"showSkybox":true,"showFlares":true,"showImageEffects":true,"showParticleSystems":true,"showVisualEffectGraphs":true,"m_FxEnabled":true},"in2DMode":false,"pivot":{"x":1.1839449405670167,"y":0.018888652324676515,"z":1.889772653579712},"rotation":{"x":0.04368633031845093,"y":-0.8255375623703003,"z":0.06452453136444092,"w":0.5589771270751953},"size":8.12532901763916,"orthographic":true}