{"cameraMode":{"drawMode":0,"name":"Shaded","section":"Shading Mode"},"sceneLighting":true,"audioPlay":false,"sceneViewState":{"m_AlwaysRefresh":false,"showFog":true,"showSkybox":true,"showFlares":true,"showImageEffects":true,"showParticleSystems":true,"showVisualEffectGraphs":true,"m_FxEnabled":true},"in2DMode":false,"pivot":{"x":0.9837594032287598,"y":4.403524398803711,"z":10.402193069458008},"rotation":{"x":0.10101590305566788,"y":0.6071501970291138,"z":-0.07820416986942291,"w":0.7842528223991394},"size":22.76080894470215,"orthographic":true}